541975,22620,4 TRADITIONAL SPINNING TOPS,60,2011-01-24 14:24:00,1.25,""
541975,85183B,CHARLIE & LOLA WASTEPAPER BIN FLORA,6,2011-01-24 14:24:00,3.75,""
541975,85183A,CHARLIE & LOLA WASTEPAPER BIN BLUE,6,2011-01-24 14:24:00,3.75,""
541975,16236,KITTY PENCIL ERASERS,28,2011-01-24 14:24:00,0.21,""
541975,21058,PARTY INVITES WOODLAND,12,2011-01-24 14:24:00,0.85,""
541975,21967,PACK OF 12 SKULL TISSUES,24,2011-01-24 14:24:00,0.29,""
541975,21981,PACK OF 12 WOODLAND TISSUES,24,2011-01-24 14:24:00,0.29,""
541975,22553,PLASTERS IN TIN SKULLS,36,2011-01-24 14:24:00,1.65,""
541975,22556,PLASTERS IN TIN CIRCUS PARADE,36,2011-01-24 14:24:00,1.65,""
541975,22554,PLASTERS IN TIN WOODLAND ANIMALS,36,2011-01-24 14:24:00,1.65,""
541975,22551,PLASTERS IN TIN SPACEBOY,36,2011-01-24 14:24:00,1.65,""
541975,21947,SET OF 6 HEART CHOPSTICKS,36,2011-01-24 14:24:00,1.25,""
541975,21948,SET OF 6 CAKE CHOPSTICKS,36,2011-01-24 14:24:00,1.25,""
541975,21949,SET OF 6 STRAWBERRY CHOPSTICKS,36,2011-01-24 14:24:00,1.25,""
541975,22636,CHILDS BREAKFAST SET CIRCUS PARADE,6,2011-01-24 14:24:00,8.5,""
541975,22634,CHILDS BREAKFAST SET SPACEBOY,6,2011-01-24 14:24:00,9.95,""
541975,22635,CHILDS BREAKFAST SET DOLLY GIRL,6,2011-01-24 14:24:00,9.95,""
541975,21246,RED RETROSPOT BIG BOWL,12,2011-01-24 14:24:00,4.95,""
541975,20677,PINK POLKADOT BOWL,24,2011-01-24 14:24:00,1.25,""
541975,20676,RED RETROSPOT BOWL,24,2011-01-24 14:24:00,1.25,""
541975,20675,BLUE POLKADOT BOWL,24,2011-01-24 14:24:00,1.25,""
541975,84997D,PINK 3 PIECE POLKADOT CUTLERY SET,24,2011-01-24 14:24:00,3.75,""
541975,84997C,BLUE 3 PIECE POLKADOT CUTLERY SET,24,2011-01-24 14:24:00,3.75,""
541975,84997B,RED 3 PIECE RETROSPOT CUTLERY SET,24,2011-01-24 14:24:00,3.75,""
541975,21216,"SET 3 RETROSPOT TEA,COFFEE,SUGAR",4,2011-01-24 14:24:00,4.95,""
541975,22204,MILK PAN BLUE POLKADOT,4,2011-01-24 14:24:00,3.75,""
541975,22203,MILK PAN RED RETROSPOT,4,2011-01-24 14:24:00,3.75,""
541975,22202,MILK PAN PINK POLKADOT,4,2011-01-24 14:24:00,3.75,""
541975,22630,DOLLY GIRL LUNCH BOX,12,2011-01-24 14:24:00,1.95,""
541975,22629,SPACEBOY LUNCH BOX,12,2011-01-24 14:24:00,1.95,""
541975,22382,LUNCH BAG SPACEBOY DESIGN,40,2011-01-24 14:24:00,1.65,""
541975,20726,LUNCH BAG WOODLAND,10,2011-01-24 14:24:00,1.65,""
541975,20725,LUNCH BAG RED RETROSPOT,10,2011-01-24 14:24:00,1.65,""
541975,22326,ROUND SNACK BOXES SET OF4 WOODLAND,96,2011-01-24 14:24:00,2.55,""
541975,22652,TRAVEL SEWING KIT,10,2011-01-24 14:24:00,1.65,""
541975,22454,MEASURING TAPE BABUSHKA RED,24,2011-01-24 14:24:00,2.95,""
541975,22452,MEASURING TAPE BABUSHKA PINK,24,2011-01-24 14:24:00,2.95,""
541975,21439,BASKET OF TOADSTOOLS,12,2011-01-24 14:24:00,1.25,""
541975,22137,BATHROOM SET LOVE HEART DESIGN,6,2011-01-24 14:24:00,2.95,""
541975,20963,APPLE BATH SPONGE,10,2011-01-24 14:24:00,1.25,""
541975,20961,STRAWBERRY BATH SPONGE,10,2011-01-24 14:24:00,1.25,""
541975,47422,ASSORTED MONKEY SUCTION CUP HOOK,48,2011-01-24 14:24:00,0.42,""
541975,20682,RED RETROSPOT CHILDRENS UMBRELLA,6,2011-01-24 14:24:00,3.25,""
541975,20749,ASSORTED COLOUR MINI CASES,6,2011-01-24 14:24:00,7.95,""
541975,22504,CABIN BAG VINTAGE RETROSPOT,6,2011-01-24 14:24:00,12.75,""
541975,22380,TOY TIDY SPACEBOY,25,2011-01-24 14:24:00,2.1,""
541975,21843,RED RETROSPOT CAKE STAND,4,2011-01-24 14:24:00,10.95,""
541975,20749,ASSORTED COLOUR MINI CASES,12,2011-01-24 14:24:00,6.35,""
541975,21949,SET OF 6 STRAWBERRY CHOPSTICKS,12,2011-01-24 14:24:00,1.25,""
541975,21948,SET OF 6 CAKE CHOPSTICKS,12,2011-01-24 14:24:00,1.25,""
541975,21947,SET OF 6 HEART CHOPSTICKS,12,2011-01-24 14:24:00,1.25,""
541975,22382,LUNCH BAG SPACEBOY DESIGN,20,2011-01-24 14:24:00,1.65,""
541975,20726,LUNCH BAG WOODLAND,20,2011-01-24 14:24:00,1.65,""
541975,22452,MEASURING TAPE BABUSHKA PINK,24,2011-01-24 14:24:00,2.95,""
541975,22454,MEASURING TAPE BABUSHKA RED,24,2011-01-24 14:24:00,2.95,""
541975,20749,ASSORTED COLOUR MINI CASES,6,2011-01-24 14:24:00,7.95,""
541975,20682,RED RETROSPOT CHILDRENS UMBRELLA,6,2011-01-24 14:24:00,3.25,""
